,BBC,CBS,CNN,Fox News,NYT
0,-0.05065700000000001,0.0012760000000000004,-0.05904700000000001,0.019022999999999998,-0.08521699999999997
